,year,author_city,country,continent,number,income,publisher,meta_publisher,access,technology,sub_category,open_code,open_data,spatial_focus,SDG,Methodology,Application,Title,latitude,longitude
84,2024,Abbottabad,Pakistan,Asia,1,LMC,Springer,Cluster Computing,Free,Mobile,5G,Not Applicable,Not Applicable,All,Not Mentioned,Literature Review,Energy,Content caching in mobile edge computing: a survey,34.1436136,73.2132747
129,2021,Aberdeen,United Kingdom,Europe,1,HIC,Elsevier,Journal of Rural Studies,Paywalled,All,All,No,No,Rural,SDG 10,Empirical,Equality,The digital lottery: The impact of next generation broadband on rural small and micro businesses in the North East of Scotland,57.1482429,-2.0928095
135,2022,Abu Dhabi,United Arab Emirates,Asia,1,HIC,Elsevier,Computer Networks,Free,Satellite,All,Not Applicable,Not Applicable,All,Not Mentioned,Literature Review,Technology,"Satellite-based communications security: A survey of threats, solutions, and research challenges",24.4538352,54.3774014
102,2006,Alabama,USA,North America,1,HIC,Wiley,Journal of Urban and Regional Policy,Paywalled,Wired,Fiber Optic,No,Yes,Rural,SDG 9,Empirical,Business & Economy,BROADBAND AND ECONOMIC DEVELOPMENT: A MUNICIPAL CASE STUDY FROM FLORIDA,33.2588817,-86.8295337
35,2021,Almaty,Kazakhstan,Asia,1,UMC,Elsevier,Information Economics and Policy,Paywalled,Wired,Fiber Optic,No,No,Rural,SDG 9,Empirical,Agriculture,Broadband Infrastructure and Economic Growth in Rural Areas,43.2363924,76.9457275
8,2013,Amsterdam,Netherlands,Europe,1,HIC,IEEE,Access,Paywalled,Wired,Fiber Optic,Not Applicable,Not Applicable,Urban,SDG 8,Empirical,Technology,Fourth generation broadband delivered by hybrid FttH solution - A techno-economic study,52.3730796,4.8924534
66,2009,Amsterdam,Netherlands,Europe,1,HIC,Elsevier,Acta Astronautica,Paywalled,Satellite,GEO,No,Yes,Rural,SDG 9,Empirical,General Information,Internet access for everybody: The satellite solution,52.3730796,4.8924534
96,2019,Arkansas,USA,North America,1,HIC,Wiley,Journal of Urban and Regional Policy,Paywalled,Wired,Fiber Optic,No,No,Rural,SDG 10,Statistical,Equality,Does access to internet promote innovation? A look at the U.S. broadband industry,35.2048883,-92.4479108
14,2022,Athens,Greece,Europe,1,HIC,IEEE,Access,Free,Satellite,LEO,Not Applicable,Not Applicable,All,SDG 9,Literature Review,Technology,"A Survey on UAV-Aided Maritime Communications: Deployment Considerations, Applications, and Future Challenges",33.9597677,-83.376398
44,2024,Austin,USA,North America,1,HIC,Elsevier,Telecommunication Policy,Free,Wired,Fiber Optic,No,Yes,Rural,Not Mentioned,Empirical,Business & Economy,"Broadband, rural contexts and local economic dynamics",30.2711286,-97.7436995
87,2023,Baghdad,Iraq,Asia,1,LMC,Springer,Environmental Monitoring and Assessment,Free,Fixed Wireless,Wi-Fi,Not Applicable,Not Applicable,All,Not Mentioned,Literature Review,General Information,Air pollution forecasting based on wireless communications: review,33.3061701,44.3872213
145,2020,Bandung,Indonesia,Asia,1,UMC,Elsevier,Technological Forecasting and Social Change,Free,Mobile,5G,No,No,Rural,Not Mentioned,Experiment & Survey,Technology,Two scenarios for 5G deployment in Indonesia,-6.9215529,107.6110212
17,2017,Barcelona,Spain,Europe,1,HIC,IEEE,Access,Free,Mobile,4G,Not Applicable,Yes,All,SDG 13,Literature Review,Emissions,Softwarization and Optimization for Sustainable Future Mobile Networks: A Survey,41.3828939,2.1774322
168,2020,Barcelona,Spain,Europe,1,HIC,Elsevier,Technology in Society,,All,All,Yes,No,All,SDG 10,Empirical,Equality,The social structuring of the digital gap in a developing country. The impact of computer and internet access opportunities on internet use in Thailand,41.3828939,2.1774322
163,2023,BeerSheva,Israel,Asia,1,HIC,Elsevier,Computer Networks,Paywalled,Satellite,LEO,No,No,All,Not Mentioned,Optimization & AI,Technology,Demand Island Routing for LEO satellite constellations,31.2457442,34.7925181
165,2022,BeerSheva,Israel,Asia,1,HIC,Elsevier,Computer Networks,Paywalled,Satellite,LEO,Yes,Yes,All,Not Mentioned,Optimization & AI,Technology,LEO satellite beam management algorithms,31.2457442,34.7925181
55,2022,Beijing,China,Asia,1,UMC,Elsevier,Global Energy Interconnection,Free,Mobile,5G,Not Applicable,Not Applicable,All,SDG 9,Statistical,Energy,Comprehensive evaluation of 5G+ smart distribution network based on combined weighting method-cloud model,40.190632,116.412144
60,2022,Beijing,China,Asia,1,UMC,Elsevier,Resources Conservation and Recycling,Free,Mobile,5G,Yes,Yes,All,SDG 13,Statistical,Emissions,Powering green digitalization: Evidence from 5G network infrastructure in China,40.190632,116.412144
88,2021,Beijing,China,Asia,1,UMC,Springer,Environmental Science and Pollution,Free,All,,No,Yes,All,Not Mentioned,Statistical,Emissions,The role of information and communication technologies in mitigating carbon emissions: evidence from panel quantile regression,40.190632,116.412144
90,2023,Beijing,China,Asia,1,Global,Springer,Environmental Science and Pollution,Free,All,,No,No,All,SDG 9,Literature Review,Emissions,How do information and communication technology and urbanization affect carbon emissions? Evidence from 42 selected “Belt and Road Initiative” countries,40.190632,116.412144
118,2023,Beijing,China,Asia,1,Global,Elsevier,Applied Energy,Paywalled,Mobile,5G,No,No,Urban,Not Mentioned,Optimization & AI,Emissions,Synergetic renewable generation allocation and 5G base station placement for decarbonizing development of power distribution system: A multi-objective interval evolutionary optimization approach,40.190632,116.412144
124,2023,Beijing,China,Asia,1,UMC,Elsevier,Science of the Total Environment,Paywalled,Mobile,5G,No,No,Urban,SDG 13,Empirical,Emissions,The carbon footprint response to projected base stations of China's 5G mobile network,40.190632,116.412144
132,2023,Beijing,China,Asia,1,UMC,Elsevier,Telecommunication Policy,Free,All,All,No,No,Urban,SDG 9,Empirical,Business & Economy,The heterogeneous role of broadband access on establishment entry and exit by sector and urban and rural markets,40.190632,116.412144
134,2023,Beijing,China,Asia,1,UMC,Elsevier,Digital Communications and Networks,Free,Satellite,LEO,Yes,Yes,Rural,Not Mentioned,Experiment & Survey,Technology,Robust or nonrobust: On MC-DS-CDMA acquisition in LEO satellite communications,40.190632,116.412144
159,2020,Beijing,China,Asia,1,UMC,Elsevier,Computer Networks,Free,Mobile,5G,Not Applicable,Not Applicable,All,Not Mentioned,Literature Review,Technology,A survey on space-aerial-terrestrial integrated 5G networks,40.190632,116.412144
161,2023,Beijing,China,Asia,1,UMC,Elsevier,Economic Analysis and Policy,Paywalled,All,All,No,No,Rural,SDG 10,Empirical,Equality,Difference in the influence of internet use on the relative poverty among farmers with different income structures,40.190632,116.412144
178,2023,Beijing,China,Asia,1,Global,Elsevier,Computer Networks,Free,Satellite,LEO,Not Applicable,Not Applicable,All,Not Mentioned,Literature Review,General Information,Software defined intelligent satellite-terrestrial integrated networks: Insights and challenges,40.190632,116.412144
7,2021,Belem,Brazil,South America,1,UMC,IEEE,Access,Free,All,,Not Applicable,Not Applicable,Remote,SDG 8,Empirical,Technology,A Techno-Economic Framework for Installing Broadband Networks in Rural and Remote Areas,-1.45056,-48.4682453
93,2019,Berlin,Germany,Europe,1,Global,Wiley,Journal of Common Market Studies,Paywalled,Wired,Fiber Optic,No,Yes,All,SDG 9,Statistical,Business & Economy,Go for Gigabit? First Evidence on Economic Benefits of High-speed Broadband Technologies in Europe*,52.510885,13.3989367
99,2019,Berlin,Germany,Europe,1,HIC,Wiley,Journal of Political Research,Free,All,,No,No,All,Not Mentioned,Experiment & Survey,Equality,Voter mobilisation in the echo chamber: Broadband internet and the rise of populism in Europe,52.510885,13.3989367
175,2024,Berlin,Germany,Europe,1,Global,Elsevier,Telecommunication Policy,Free,All,All,Yes,No,All,Not Mentioned,Empirical,Business & Economy,An open-access market for global communications,52.510885,13.3989367
30,2024,Bocconi,Italy,Europe,1,HIC,Elsevier,European Journal of Political Economy,Paywalled,Wired,Copper,No,Yes,Urban,SDG 10,Empirical,Equality,Broadband internet and attitudes toward migrants: Evidence from Spain,44.1997896,11.1079142
109,2019,Bonn,Germany,Europe,1,HIC,Elsevier,Telecommunication Policy,Paywalled,Mobile,5G,No,No,Urban,Not Mentioned,Empirical,Business & Economy,A business case for 5G mobile broadband in a dense urban area,50.7352621,7.1024635
67,2021,Boston,USA,North America,1,HIC,Elsevier,Telecommunication Policy,Paywalled,Satellite,MEO,Yes,Yes,Rural,SDG 9,Optimization & AI,Equality,Connecting the other half: Exploring options for the 50% of the population unconnected to the internet,42.3554334,-71.060511
81,2024,Cambridge,USA,North America,1,HIC,Springer,Nature Mental Health,Paywalled,All,,No,Yes,All,SDG 3,Empirical,Healthcare,The digital divide in access to broadband internet and mental healthcare,52.2055314,0.1186637
18,2013,Changsha,China,Asia,1,UMC,IEEE,Access,Free,Mobile,5G,Not Applicable,Not Applicable,All,Not Mentioned,Optimization & AI,Energy,Coordinated Multicell Multiuser Precoding for Maximizing Weighted Sum Energy Efficiency,28.1450774,113.2384362
71,2024,Changsha,China,Asia,1,UMC,Springer,BMC Public Health,Free,All,,No,Yes,Rural,SDG 10,Statistical,Equality,Study on the measurement of coupling and coordinated development level between China’s internet and elderly care services and its influencing factors,28.1450774,113.2384362
119,2023,Chengdu,China,Asia,1,UMC,Elsevier,Energy Economics,Paywalled,All,All,Yes,No,Urban,SDG 10,Empirical,Emissions,Seeing green: How does digital infrastructure affect carbon emission intensity?,30.6598628,104.0633717
183,2022,Chicago,USA,North America,1,HIC,Elsevier,Telecommunication Policy,Paywalled,All,All,Yes,No,Remote,SDG 10,Empirical,Equality,The tribal digital divide: Extent and Explanations,41.8755616,-87.6244212
37,2024,Chongqing,China,Asia,1,UMC,Elsevier,Technological Forecasting and Social Change,Paywalled,All,,No,Yes,Urban,Not Mentioned,Empirical,Equality,Does network infrastructure construction reduce urban–rural income inequality? Based on the “Broadband China” policy,30.05518,107.8748712
42,2024,Chongqing,China,Asia,1,UMC,Elsevier,Urban climate,Paywalled,Wired,Fiber Optic,No,Yes,Urban,SDG 13,Empirical,Emissions,Broadband infrastructure and urban carbon emissions: Quasi-experimental evidence from China,30.05518,107.8748712
101,2020,Christchurch,New Zealand,Australia,1,HIC,Wiley,Development Economics,Paywalled,All,,No,No,Rural,SDG 10,Empirical,Equality,Impact of Internet use on economic well-being of rural households: Evidence from China,-43.530955,172.6364343
123,2021,Clermont-Ferrand,France,Europe,1,LMC,Elsevier,Information Economics and Policy,Paywalled,Wired,Fiber Optic,Yes,Yes,All,SDG 10,Empirical,Equality,International connectivity and the digital divide in Sub-Saharan Africa,45.7774551,3.0819427
149,2023,Daejon,South Korea,Asia,1,HIC,Elsevier,Acta Astronautica,Paywalled,Satellite,LEO,No,No,All,Not Mentioned,Optimization & AI,Technology,Optimal deployment of satellite mega-constellation,36.3497007,127.3849016
122,2022,Dalian,China,Asia,1,UMC,Elsevier,Resources Conservation and Recycling,Paywalled,All,All,No,No,Urban,Not Mentioned,Empirical,Emissions,The impact of digital technology development on carbon emissions: A spatial effect analysis for China,39.740278,122.255833
3,2024,Dehradun,India,Asia,1,LMC,IEEE,Access,Free,All,,Not Applicable,Not Applicable,Not Applicable,SDG 4,Optimization & AI,Education,"Exploring the Connectivity Between Education 4.0 and Classroom 4.0: Technologies, Student Perspectives, and Engagement in the Digital Era",30.3255646,78.0436813
33,2021,Denton,USA,North America,1,HIC,Elsevier,Telematics and Informatics,Free,Wired,Fiber Optic,No,Yes,All,SDG 9,Empirical,Business & Economy,Broadband and economic growth in China: An empirical study during the COVID-19 pandemic period,33.1838787,-97.1413417
160,2021,Detroit,USA,North America,1,HIC,Elsevier,Telematics and Informatics,Free,All,All,Yes,No,Rural,Not Mentioned,Empirical,Education,"How variation in internet access, digital skills, and media use are related to rural student outcomes: GPA, SAT, and educational aspirations",42.3315509,-83.0466403
12,2021,Doha,Qatar,Asia,1,HIC,IEEE,Access,Free,Mobile,5G,No,No,All,SDG 13,Literature Review,Energy,"5G Networks Towards Smart and Sustainable Cities: A Review of Recent Developments, Applications and Future Perspectives",25.2856329,51.5264162
141,2021,Dresden,Germany,Europe,1,HIC,Elsevier,Telecommunication Policy,Paywalled,Mobile,5G,Not Applicable,Not Applicable,Urban,Not Mentioned,Literature Review,General Information,Importance of Internet Exchange Point (IXP) infrastructure for 5G: Estimating the impact of 5G use cases,51.0493286,13.7381437
73,2024,East Lansing,USA,North America,1,HIC,Springer,Annals of Regional Science,Free,All,,No,Yes,Rural,SDG 10,Empirical,Education,Broadband access and knowledge spillover influence on SBIR phase II awards in non-metropolitan regions,42.7320307,-84.4721678
150,2022,East Lansing,USA,North America,1,HIC,Elsevier,Telecommunication Policy,Free,Mobile,5G,Not Applicable,Not Applicable,Urban,Not Mentioned,Literature Review,Business & Economy,Regulation and innovation in 5G markets,42.7320307,-84.4721678
148,2021,Edinburg,United Kingdom,Europe,1,HIC,Elsevier,Telecommunication Policy,Paywalled,Wired,Fiber Optic,No,No,Rural,SDG 10,Empirical,Equality,Fibre to the countryside: A comparison of public and community initiatives tackling the rural digital divide in the UK,55.9533456,-3.1883749
50,2022,Ekpoma,Nigeria,Africa,1,Global,Elsevier,International Journal of Hydrogen Energy,Paywalled,Mobile,5G,Yes,Yes,All,SDG 13,Optimization & AI,Energy,Optimization and techno-economic analysis of a mixed power system for sustainable operation of cellular sites in 5G era,6.742063,6.139003
31,2023,Washington DC,USA,North America,1,Global,Elsevier,Telecommunication Policy,Paywalled,All,,Yes,Yes,All,SDG 9,Empirical,Equality,What would it cost to connect the unconnected? Estimating global universal broadband infrastructure investment,38.8462236,-77.3063733
111,2023,Washington DC,USA,North America,1,Global,Elsevier,Telematics and Informatics,Free,Mobile,4G,Yes,Yes,All,SDG 10,Empirical,Equality,Policy options for broadband infrastructure strategies: A simulation model for affordable universal broadband in Africa,38.8462236,-77.3063733
112,2022,Washington DC,USA,North America,1,Global,Elsevier,Technological Forecasting and Social Change,Free,Mobile,4G,Yes,Yes,All,SDG 10,Empirical,Equality,Policy choices can help keep 4G and 5G universal broadband affordable,38.8462236,-77.3063733
117,2023,Fujian,China,Asia,1,Global,Elsevier,Energy Policy,Paywalled,All,All,No,No,All,SDG 13,Empirical,Emissions,Promoting decarbonization in the power sector: How important is digital transformation?,26.193218,118.2208721
70,2024,Gainesville,USA,North America,1,HIC,Springer,Research in Higher Education,Paywalled,Wired,Fiber Optic,Yes,Yes,Rural,SDG 10,Statistical,Education,Variation in Broadband Access Among Undergraduate Populations Across the United States,29.6519684,-82.3249846
43,2023,Gent,Belgium,Europe,1,HIC,Elsevier,Telecommunication Policy,Paywalled,All,,No,Yes,All,Not Mentioned,Empirical,Business & Economy,Economic growth and broadband access: The European urban-rural digital divide,51.0538286,3.7250121
64,2020,Ghent,Belgium,Europe,1,HIC,Elsevier,Telecommunication Policy,Free,Satellite,GEO,No,Yes,Rural,SDG 9,Statistical,Business & Economy,Techno-economic viability of integrating satellite communication in 4G networks to bridge the broadband digital divide,51.0538286,3.7250121
91,2022,Ghent,Belgium,Europe,1,HIC,Springer,Telecommunication Systems,Free,Mobile,5G,No,Yes,All,Not Mentioned,Experiment & Survey,Emissions,Evaluation and projection of 4G and 5G RAN energy footprints: the case of Belgium for 2020–2025,51.0538286,3.7250121
28,2024,Guangdong,China,Asia,1,UMC,Elsevier,Journal of Asian Economics,Paywalled,Wired,Fiber Optic,No,Yes,Urban,SDG 10,Empirical,Equality,Can broadband infrastructure construction promote equality of opportunity? Evidence from a quasi-natural experiment in China,23.1357694,113.1982688
69,2023,Guangdong,China,Asia,1,Global,Springer,Environmental Science and Pollution,Free,All,,No,Not Applicable,All,SDG 9,Empirical,Business & Economy,"Digital financial inclusion, environmental quality, and economic development: the contributions of financial development and investments in OECD countries",23.1357694,113.1982688
6,2022,Guangzhou,China,Asia,1,UMC,IEEE,Access,Free,Wired,Fiber Optic,Not Applicable,Not Applicable,Rural,Not Mentioned,Experiment & Survey,Business & Economy,Broadband usage for rural communities in the North Island of Aotearoa New Zealand,23.1301964,113.2592945
36,2024,Guangzhou,China,Asia,1,UMC,Elsevier,Economic Analysis and Policy,Paywalled,Wired,Fiber Optic,No,Yes,Urban,SDG 9,Empirical,Business & Economy,Employee allocation efficiency in the context of the digital economy: Evidence from “Broadband China” demonstration cities,23.1301964,113.2592945
114,2024,Guangzhou,China,Asia,1,UMC,Elsevier,Applied Thermal Engineering,Paywalled,Mobile,5G,Not Applicable,Not Applicable,All,Not Mentioned,Experiment & Survey,Energy,Experimental investigation on the heat transfer performance of a microchannel thermosiphon array for 5G telecommunication base stations,23.1301964,113.2592945
49,2020,Gwangju,South Korea,Asia,1,HIC,Elsevier,Optical Fiber Technology,Paywalled,Wired,Fiber Optic,Yes,Not Applicable,All,Not Mentioned,Statistical,Energy,A Green Converged TWDM-PON and 5G HetNet Catering Applications Demanding Low Latency,35.1594647,126.8515034
82,2023,Hamburg,Germany,Europe,1,HIC,Springer,Journal of the Knowledge Economy,Free,Mobile,4G,No,Yes,All,SDG 9,Empirical,Business & Economy,The Impact of Mobile Broadband and Internet Bandwidth on Human Development—A Comparative Analysis of Developing and Developed Countries,53.550341,10.000654
78,2023,Hangzhou,China,Asia,1,UMC,Springer,Environment Development and Sustainability,Free,All,,No,No,Urban,Not Mentioned,Literature Review,Emissions,The impact of internet development on China's energy intensity and its mechanism analysis,30.2489634,120.2052342
127,2021,Hangzhou,China,Asia,1,UMC,Elsevier,Journal of Network and Computer Applications,Paywalled,Mobile,5G,Not Applicable,Not Applicable,All,SDG 9,Literature Review,Energy,"Renewable energy powered sustainable 5G network infrastructure: Opportunities, challenges and perspectives",30.2489634,120.2052342
139,2022,Hong Kong,China,Asia,1,UMC,Elsevier,Computer Networks,Paywalled,Satellite,LEO,No,No,All,Not Mentioned,Optimization & AI,Technology,Scalable routing in low-Earth orbit satellite constellations: Architecture and algorithms,22.350627,114.1849161
176,2021,Hyderabad,India,Asia,1,LMC,Elsevier,Telematics and Informatics,Free,All,All,Yes,No,Rural,SDG 10,Experiment & Survey,Equality,Explaining caste-based digital divide in India,17.360589,78.4740613
74,2023,Iowa City,USA,North America,1,HIC,Springer,Journal of General Internal Medicine,Paywalled,All,,No,No,Rural,SDG 3,Empirical,Healthcare,Quantifying the Digital Divide: Associations of Broadband Internet with Tele-mental Health Access Before and During the COVID-19 Pandemic,41.6612561,-91.5299106
116,2018,Islamabad,Pakistan,Asia,1,LMC,Elsevier,Journal of Network and Computer Applications,Paywalled,Mobile,All,Not Applicable,Not Applicable,All,Not Mentioned,Literature Review,Emissions,Resource management in cellular base stations powered by renewable energy sources,33.6938118,73.0651511
182,2024,Istanbul,Turkey,Asia,1,UMC,Elsevier,Telecommunication Policy,Free,Satellite,LEO,Not Applicable,Not Applicable,Rural,Not Mentioned,Literature Review,General Information,"Integration of 5G, 6G and IoT with Low Earth Orbit (LEO) networks: Opportunity, challenges and future trends",41.0766019,29.052495
85,2023,Jharkhand,India,Asia,1,LMC,Springer,Multimedia Tools and Application,Free,Mobile,4G,Not Applicable,Not Applicable,All,Not Mentioned,Literature Review,Energy,Performance evaluation and downstream system planning based energy management in LTE systems,23.4559809,85.2557301
72,2023,Jiangsu,China,Asia,1,Global,Springer,Environmental Science and Pollution,Free,All,,No,No,All,SDG 13,Statistical,Emissions,Impact of Internet development on carbon emission efficiency under carbon neutral target: evidence from global 58 economies,33.0000001,119.9999999
115,2024,Jiangsu,China,Asia,1,UMC,Elsevier,Applied Energy,Paywalled,Mobile,5G,No,Yes,Urban,Not Mentioned,Empirical,Energy,Modeling and aggregated control of large-scale 5G base stations and backup energy storage systems towards secondary frequency support,33.0000001,119.9999999
172,2023,Jyväskylä,Finland,Europe,1,HIC,Elsevier,Technological Forecasting and Social Change,Free,All,All,Yes,No,All,SDG 10,Empirical,Equality,Mobile money as a driver of digital financial inclusion,62.2417066,25.7495727
107,2023,Karachi,Pakistan,Asia,1,LMC,Elsevier,Computer Networks,Free,Mobile,5G,No,Yes,Urban,Not Mentioned,Optimization & AI,Energy,Reliable and cost-efficient protection scheme for 5G fronthaul/backhaul network,24.8546842,67.0207055
22,2017,Kashmir,India,Asia,1,LMC,IEEE,Access,Free,Mobile,5G,Not Applicable,Not Applicable,All,Not Mentioned,Optimization & AI,Energy,Green Communication in Next Generation Cellular Networks: A Survey,26.2644203,71.6027498
65,1997,Kirkland,USA,North America,1,HIC,Elsevier,Computer Networks,Paywalled,Satellite,LEO,No,Yes,Rural,SDG 9,Statistical,Business & Economy,Providing global broadband Internet access using low-earth-orbit satellites,47.6765382,-122.2070775
157,2019,Kolkata,India,Asia,1,LMC,Elsevier,Management Review,Free,Mobile,4G,Not Applicable,Not Applicable,Rural,SDG 9,Empirical,Business & Economy,Techno-commercial feasibility analysis of 4G mobile services in India,22.5726459,88.3638953
34,2024,Kunming,China,Asia,1,UMC,Elsevier,Journal of Cleaner Production,Paywalled,All,,No,Yes,Urban,SDG 13,Empirical,Emissions,The impact of digital infrastructure on industrial ecology: Evidence from broadband China strategy,25.0363006,102.7086139
103,2023,Lafayette,USA,North America,1,HIC,Wiley,Economic Analysis and Policy,Paywalled,Wired,Fiber Optic,No,No,All,SDG 9,Experiment & Survey,Business & Economy,Does broadband affect local economic outcomes less than we thought? Micro evidence from Louisiana,30.2262187,-92.0178202
173,2021,Lancaster,United Kingdom,Europe,1,HIC,Elsevier,Patterns,Free,All,All,Yes,No,All,SDG 13,Empirical,Emissions,"The real climate and transformative impact of ICT: A critique of estimates, trends, and regulations",40.03813,-76.3056686
16,2014,Lawrence,USA,North America,1,HIC,IEEE,Access,Paywalled,Mobile,4G,No,Not Applicable,All,Not Mentioned,Statistical,Energy,Energy-Efficient Power Allocation for Delay-Sensitive Multimedia Traffic Over Wireless Systems,38.9719137,-95.2359403
11,2010,Liguria,Italy,Europe,1,HIC,IEEE,Access,Paywalled,All,,No,No,All,SDG 13,Literature Review,Emissions,Energy Efficiency in the Future Internet: A Survey of Existing Approaches and Trends in Energy-Aware Fixed Network Infrastructures,44.4777617,8.7026296
98,2016,Lincoln,USA,North America,1,HIC,Wiley,Journal of Agricultural Economics,Paywalled,Wired,Fiber Optic,No,No,Rural,Not Mentioned,Empirical,Business & Economy,Broadband Internet and New Firm Location Decisions in Rural Areas,40.8088861,-96.7077751
58,2022,London,United Kingdom,Europe,1,HIC,Elsevier,Technological Forecasting and Social Change,Free,Mobile,5G,Yes,Yes,All,SDG 13,Optimization & AI,Emissions,5G network deployment and the associated energy consumption in the UK: A complex systems’ exploration,51.5074456,-0.1277653
68,2024,London,United Kingdom,Europe,1,HIC,Elsevier,Telecommunication Policy,Free,Satellite,GEO,No,Yes,Rural,SDG 9,Empirical,Equality,Equitable access to satellite broadband services: Challenges and opportunities for developing countries,51.5074456,-0.1277653
154,2022,London,United Kingdom,Europe,1,HIC,Elsevier,Acta Astronautica,Free,Satellite,LEO,No,No,Rural,Not Mentioned,Optimization & AI,Technology,Design and analysis of flexible multi-layer staged deployment for satellite mega-constellations under demand uncertainty,51.5074456,-0.1277653
155,2020,London,United Kingdom,Europe,1,HIC,Elsevier,Telecommunication Policy,Free,Mobile,5G,Not Applicable,Not Applicable,All,Not Mentioned,Literature Review,Equality,Forming a 5G strategy for developing countries: A note for policy makers,51.5074456,-0.1277653
46,2024,Luxembourg,Luxembourg,Europe,1,Global,Elsevier,Procedia CIRP,Free,Mobile,4G,No,Yes,All,Not Mentioned,Statistical,Emissions,Life cycle assessment of a telematics box with ICT impact allocation and quantification – Application to precision agriculture technology and robotics,49.6112768,6.129799
97,2019,Madison,USA,North America,1,HIC,Wiley,Journal of Urban and Regional Policy,Paywalled,Wired,Fiber Optic,No,Yes,Remote,Not Mentioned,Statistical,Business & Economy,Broadband's relationship to rural housing values,43.074761,-89.3837613
4,2021,Madrid,Spain,Europe,1,HIC,IEEE,Access,Free,All,,Not Applicable,Not Applicable,Urban,SDG 4,Experiment & Survey,Education,Analyzing the Users’ Acceptance of an IoT Cloud Platform Using the UTAUT/TAM Model,40.4167047,-3.7035825
61,2024,Madrid,Spain,Europe,1,HIC,Elsevier,Science of the Total Environment,Free,All,,Yes,Yes,All,SDG 13,Empirical,Emissions,Carbon footprint and employment generation produced by ICT networks for Internet deployment: A multi-regional input-output analysis,40.4167047,-3.7035825
125,2022,Madrid,Spain,Asia,1,HIC,Elsevier,Resources Conservation and Recycling,Paywalled,Mobile,4G,Yes,No,Urban,SDG 13,Empirical,Emissions,Life cycle inventory and carbon footprint assessment of wireless ICT networks for six demographic areas,40.4167047,-3.7035825
144,2020,Madrid,Spain,Europe,1,HIC,Elsevier,Telecommunication Policy,Free,Mobile,4G,No,No,Remote,SDG 10,Empirical,Equality,Small rural operators techno-economic analysis to bring mobile services to isolated communities: The case of Peru Amazon rainforest,40.4167047,-3.7035825
170,2021,Madrid,Spain,Europe,1,Global,Elsevier,Telematics and Informatics,Free,All,All,Yes,No,All,SDG 10,Empirical,Equality,Do educational inequalities affect Internet use? An analysis for developed and developing countries,40.4167047,-3.7035825
156,2021,Mexico City,Mexico,North America,1,UMC,Elsevier,Telecommunication Policy,Paywalled,All,All,Not Applicable,Not Applicable,Rural,SDG 10,Empirical,Equality,Internet access and poverty reduction: Evidence from rural and urban Mexico,19.4326296,-99.1331785
20,2022,Milan,Italy,Europe,1,HIC,IEEE,Access,Free,Mobile,5G,Not Applicable,Not Applicable,All,Not Mentioned,Optimization & AI,Energy,An Energy and Carbon Footprint Analysis of Distributed and Federated Learning,45.4641943,9.1896346
137,2022,Missouri,USA,North America,1,HIC,Elsevier,Telecommunication Policy,Free,All,All,No,No,All,SDG 9,Statistical,Business & Economy,Broadband adoption and availability: Impacts on rural employment during COVID-19,38.7604815,-92.5617875
177,2022,Missouri,USA,North America,1,HIC,Elsevier,Telecommunication Policy,Free,All,All,Yes,No,Rural,SDG 10,Experiment & Survey,Equality,Push them forward: Challenges in intergovernmental organizations' influence on rural broadband infrastructure expansion,38.7604815,-92.5617875
130,2023,Monash,Australia,Australia,1,HIC,Elsevier,Energy Economics,Free,All,All,Yes,No,Rural,SDG 10,Empirical,Equality,High-speed internet access and energy poverty,-26.0840525,27.87762553
152,2017,Montevideo,Uruguay,South America,1,UMC,Elsevier,Ad Hoc Networks,Paywalled,Mobile,All,No,No,All,Not Mentioned,Optimization & AI,Technology,Estimating the medium access probability in large cognitive radio networks,-34.9058916,-56.1913095
13,2014,Montreal,Canada,North America,1,HIC,IEEE,Access,Free,All,,Not Applicable,Not Applicable,All,SDG 9,Literature Review,Business & Economy,Dependable Fiber-Wireless (FiWi) Access Networks and Their Role in a Sustainable Third Industrial Revolution Economy,45.5031824,-73.5698065
23,2023,Montreal,Canada,North America,1,HIC,IEEE,Access,Free,Mobile,5G,Not Applicable,Not Applicable,All,SDG 13,Optimization & AI,Emissions,On the Economic Viability of Solar Energy When Upgrading Cellular Networks,45.5031824,-73.5698065
142,2022,Moscow,Russia,Europe,1,HIC,Elsevier,Acta Astronautica,Paywalled,Satellite,LEO,Not Applicable,Not Applicable,All,Not Mentioned,Literature Review,General Information,Satellite constellations: International legal and technical aspects,55.625578,37.6063916
48,2017,Mumbai,India,Asia,1,Global,Elsevier,Journal of Network and Computer Applications,Free,Mobile,5G,Not Applicable,Not Applicable,All,SDG 13,Literature Review,Emissions,A survey on green communication and security challenges in 5G wireless communication networks,19.054999,72.8692035
51,2021,Mumbai,India,Asia,1,Global,Elsevier,Computer Networks,Paywalled,All,,Not Applicable,Not Applicable,All,SDG 13,Experiment & Survey,Emissions,A comprehensive survey on Green ICT with 5G-NB-IoT: Towards sustainable planet,19.054999,72.8692035
89,2023,Mumbai,India,Asia,1,LMC,Springer,Wireless Personal Communications,Free,Mobile,5G,Not Applicable,Not Applicable,All,Not Mentioned,Literature Review,Energy,Efficient Crest Factor Reduction Techniques for 5G NR: A Review and a Case Study,19.054999,72.8692035
110,2023,Mumbai,India,Asia,1,LMC,Elsevier,Telematics and Informatics,Paywalled,Mobile,5G,No,No,All,Not Mentioned,Experiment & Survey,Business & Economy,Adoption of 5G in developing economies: A supply side perspective from India,19.054999,72.8692035
15,2016,Nanjing,China,Asia,1,UMC,IEEE,Access,Paywalled,All,,Not Applicable,Yes,All,SDG 13,Optimization & AI,Energy,Real-Time Energy Management for Cloud Data Centers in Smart Microgrids,32.0438284,118.7788631
146,2024,Nanjing,China,Asia,1,UMC,Elsevier,Computer Networks,Free,Satellite,LEO,No,No,All,Not Mentioned,Experiment & Survey,Technology,Analysis and Design of Starlink-like Satellite Constellation,32.0438284,118.7788631
47,2020,New Delhi,India,Asia,1,Global,Elsevier,Journal of Network and Computer Applications,Free,All,,No,Yes,All,SDG 13,Literature Review,Emissions,"Energy efficient transmission trends towards future green cognitive radio networks (5G): Progress, taxonomy and open challenges",28.64308585,77.21926706
121,2024,New Delhi,India,Asia,1,LMC,Elsevier,Journal of Cleaner Production,Paywalled,Mobile,All,No,No,All,SDG 13,Empirical,Emissions,Assessing the carbon footprint of telecommunication towers in India: Effect of 4G to 5G transition and solar photovoltaics based hybrid power systems,28.64308585,77.21926706
136,2023,New York,USA,North America,1,HIC,Elsevier,The American Journal of Surgery,Paywalled,Satellite,All,No,No,Rural,Not Mentioned,Empirical,Healthcare,Satellite internet technology implementation for the practice of medicine and surgery,40.7127281,-74.0060152
140,2018,Newcastle,United Kingdom,Europe,1,HIC,Elsevier,Telecommunication Policy,Free,All,All,Not Applicable,Not Applicable,All,SDG 9,Literature Review,General Information,The involvement of utilities in the development of broadband infrastructure: A comparison of EU case studies,54.9738474,-1.6131572
171,2020,Newcastle,United Kingdom,Europe,1,HIC,Elsevier,Journal of Rural Studies,Free,All,All,Yes,No,Rural,SDG 10,Empirical,Equality,Smart rural futures: Will rural areas be left behind in the 4th industrial revolution?,54.9738474,-1.6131572
174,2023,Newcastle,United Kingdom,Europe,1,LMC,Elsevier,Telecommunication Policy,Paywalled,All,All,Yes,No,All,SDG 9,Empirical,Equality,Leveraging digital technology for development: Does ICT contribute to poverty reduction?,54.9738474,-1.6131572
167,2020,Oaxaca,Mexico,North America,1,UMC,Elsevier,Technology in Society,Free,All,All,Yes,No,Rural,SDG 10,Experiment & Survey,Equality,Internet adoption and usage patterns in rural Mexico,17,-96.5
180,2020,Oklahoma,USA,North America,1,HIC,Elsevier,Telecommunication Policy,Free,All,All,Yes,No,Rural,SDG 10,Empirical,Equality,State broadband policy: Impacts on availability,34.9550817,-97.2684063
162,2021,Ontario,Canada,North America,1,HIC,Elsevier,Telematics and Informatics,Free,All,All,No,No,Rural,SDG 10,Empirical,Equality,"Rural broadband: Gaps, maps and challenges",50.000678,-86.000977
5,2021,Ota,Nigeria,Africa,1,LMC,IEEE,Access,Free,All,,Not Applicable,Not Applicable,Rural,SDG 2,Literature Review,Agriculture,Agriculture 4.0: An Implementation Framework for Food Security Attainment in Nigeria’s Post-Covid-19 Era,-45.39750525,170.1778918
80,2023,Ota,Nigeria,Africa,1,LMC,Springer,Journal of Economic Structures,Free,All,,No,Yes,All,SDG 9,Empirical,Business & Economy,Do Information and Communications Technology (ICT) and financial development contribute to economic diversification? Evidence from sub-Saharan Africa,-45.39750525,170.1778918
19,2020,Ottawa,Canada,North America,1,HIC,IEEE,Access,Free,Wired,Fiber Optic,Not Applicable,Yes,All,Not Mentioned,Optimization & AI,Energy,Energy-Efficient Decentralized Framework for the Integration of Fog With Optical Access Networks,45.4208777,-75.6901106
95,2023,Oxford,United Kingdom,Europe,1,HIC,Wiley,The World Economy,Free,Wired,Fiber Optic,No,No,All,Not Mentioned,Empirical,Business & Economy,The economic impact of broadband access for small firms,51.7520131,-1.2578499
106,2020,Oxford,United Kingdom,Europe,1,HIC,Elsevier,Computer Networks,Paywalled,Mobile,5G,Yes,Yes,Urban,SDG 9,Experiment & Survey,Business & Economy,The importance of spatio-temporal infrastructure assessment: Evidence for 5G from the Oxford–Cambridge Arc,51.7520131,-1.2578499
108,2019,Oxford,United Kingdom,Europe,1,HIC,Elsevier,Telematics and Informatics,Free,Mobile,5G,Yes,Yes,Urban,Not Mentioned,Empirical,Equality,"Assessing the capacity, coverage and cost of 5G infrastructure strategies: Analysis of the Netherlands",51.7520131,-1.2578499
104,2023,Pabna,Bangladesh,Asia,1,LMC,Wiley,Computer Networks,Free,Fixed Wireless,Wi-Fi,No,Yes,All,Not Mentioned,Experiment & Survey,Energy,A Wideband Highly Efficient Omnidirectional Compact Antenna for WiMAX/Lower 5G Communications,53.1048496,-2.019065
179,2016,Paris,France,Europe,1,Global,Elsevier,Space Policy,Free,Satellite,All,Not Applicable,Not Applicable,All,Not Mentioned,Literature Review,General Information,Current barriers and factors of success in the diffusion of satellite services in Europe,48.8534951,2.3483915
128,2020,Pescara,Italy,Europe,1,HIC,Elsevier,Telecommunication Policy,Paywalled,Wired,Fiber Optic,Not Applicable,Not Applicable,Urban,SDG 9,Literature Review,Business & Economy,Are mobile and fixed broadband substitutes or complements? New empirical evidence from Italy and implications for the digital divide policies,42.3102619,13.95759011
186,2023,Phnom Penh,Cambodia,Asia,1,LMC,Elsevier,Space Policy,Paywalled,Satellite,LEO,Not Applicable,Not Applicable,Rural,Not Mentioned,Literature Review,Equality,Starlink for ASEAN: A Changemaker in the Race Toward Sustainable Development?,11.5730391,104.857807
143,2020,Pisa,Italy,Europe,1,HIC,Elsevier,Acta Astronautica,Paywalled,Satellite,LEO,No,No,All,Not Mentioned,Empirical,Technology,Environmental sustainability of large satellite constellations in low earth orbit,43.4714722,10.67979117
181,2024,Pittsburg,USA,North America,1,HIC,Elsevier,Telecommunication Policy,Free,All,All,Yes,Yes,Rural,SDG 10,Experiment & Survey,Equality,Consumer-driven design and evaluation of broadband labels,40.446172,-79.992003
133,2024,Pontevedra,Spain,Europe,1,HIC,Elsevier,Ecological Economics,Free,All,All,Not Applicable,Not Applicable,All,Not Mentioned,Literature Review,Business & Economy,The infrastructural conditions of (de-)growth: The case of the internet,42.4318876,-8.6431592
105,2019,Pradesh,India,Asia,1,LMC,Wiley,Computer Networks,Free,Mobile,4G,Not Applicable,Not Applicable,All,SDG 9,Literature Review,Energy,Power-saving policies for annual energy cost savings in green computing,27.1303344,80.859666
2,2024,Pretoria,South Africa,North America,1,UMC,IEEE,Access,Free,All,,Not Applicable,Not Applicable,Not Applicable,All,Experiment & Survey,General Information,Supporting the Measurement of Sustainable Development Goals in Africa: Geospatial Sentiment Data Analysis,-25.7459277,28.1879101
94,2017,Pretoria,South Africa,Africa,1,UMC,Wiley,EJSDC,Free,All,,No,Yes,All,SDG 9,Statistical,Business & Economy,Determinants for South African SMEs to Adopt Broadband Internet Technologies,-25.7459277,28.1879101
169,2021,Pretoria,South Africa,Africa,1,UMC,Elsevier,Technological Forecasting and Social Change,Free,All,All,Yes,No,All,SDG 10,Empirical,Equality,"Law, mobile money drivers and mobile money innovations in developing countries",-25.7459277,28.1879101
59,2024,Punjab,India,Asia,1,LMC,Elsevier,Computer Networks,Paywalled,Mobile,5G,No,Yes,All,Not Mentioned,Experiment & Survey,General Information,Latency optimized C-RAN in optical backhaul and RF fronthaul architecture for beyond 5G network: A comprehensive survey,30.9293211,75.5004841
21,2023,Quetta,Pakistan,Asia,1,LMC,IEEE,Access,Free,Mobile,5G,Not Applicable,Not Applicable,Urban,SDG 13,Optimization & AI,Emissions,Emission-Aware Sustainable Energy Provision for 5G and B5G Mobile Networks,30.1916569,67.0006542
92,2010,Raleigh,USA,North America,1,HIC,Wiley,Journal of Urban and Regional Policy,Paywalled,Wired,Fiber Optic,No,Yes,Rural,SDG 9,Empirical,Business & Economy,Infrastructure Investment and Rural Economic Development: An Evaluation of USDA's Broadband Loan Program,35.7803977,-78.6390989
62,2023,Rangsit,Thailand,Asia,1,UMC,Elsevier,Research in Globalization,Free,Satellite,LEO,No,Yes,All,SDG 9,Experiment & Survey,Business & Economy,Starlink satellite project impact on the Internet provider service in emerging economies,13.987449,100.6100666
138,2023,Rangsit,Thailand,Asia,1,UMC,Elsevier,Technology in Society,Free,Satellite,LEO,Not Applicable,No,Rural,SDG 10,Literature Review,Equality,Factors influencing the effects of the Starlink Satellite Project on the internet service provider market in Thailand,13.987449,100.6100666
63,2023,Rolla,USA,North America,1,HIC,Elsevier,Telecommunication Policy,Free,All,,No,Yes,Rural,SDG 9,Experiment & Survey,Business & Economy,Evaluating the impact of broadband access and internet use in a small underserved rural community,37.9509324,-91.7708076
131,2015,Rome,Italy,Europe,1,HIC,Elsevier,Acta Astronautica,Paywalled,Satellite,LEO,No,No,All,SDG 9,Optimization & AI,Technology,Earth Orbiting Support Systems for commercial low Earth orbit data relay: Assessing architectures through tradespace exploration,41.8933203,12.4829321
158,2023,Rome,Italy,Europe,1,HIC,Elsevier,Computer Networks,Free,Satellite,LEO,Yes,Yes,All,Not Mentioned,Optimization & AI,Technology,Optimal bandwidth and computing resource allocation in low earth orbit satellite constellation for earth observation applications,41.8933203,12.4829321
120,2021,New Jersey,USA,North America,1,HIC,Elsevier,Telecommunication Policy,Paywalled,All,All,Not Applicable,Not Applicable,All,SDG 10,Literature Review,Equality,Reforming funding of universal access to telecommunications and broadband services: Approaches for the new decade,40.4929778,-74.44510808
153,2020,San Antonio,USA,North America,1,HIC,Elsevier,Cities,Free,All,All,No,No,Rural,SDG 10,Experiment & Survey,Equality,Determinants of broadband access and affordability: An analysis of a community survey on the digital divide,29.4246002,-98.4951405
184,2023,San Diego,USA,North America,1,HIC,Elsevier,Telecommunication Policy,Free,All,All,Yes,No,Urban,Not Mentioned,Empirical,Technology,High-speed internet access and diffusion of new technologies in nonmetro areas,32.7174202,-117.162772
1,2018,Santiago,Chile,South America,1,,IEEE,Access,Free,All,,Not Applicable,Not Applicable,Not Applicable,All,Literature Review,General Information,"Information and Communications Technologies for Sustainable Development Goals: State-of-the-Art, Needs and Perspectives",9.8694792,-83.7980749
77,2024,Shandong,China,Asia,1,UMC,Springer,Economic Change and Restructuring,Free,Wired,Fiber Optic,No,Not Applicable,Urban,Not Mentioned,Literature Review,Business & Economy,How does internet development affect urban eco-resilience: evidence from China,36.398987,118.5055691
75,2023,Shanghai,China,Asia,1,UMC,Springer,Economic Change and Restructuring,Paywalled,Wired,Fiber Optic,No,Yes,Urban,Not Mentioned,Empirical,Business & Economy,High-speed rail construction and urban innovation disparity in China: the role of internet development,31.2312707,121.4700152
79,2023,Shanghai,China,Asia,1,UMC,Springer,Environmental Science and Pollution,Free,All,,No,Yes,All,SDG 13,Empirical,Emissions,Fostering sustainability: unveiling the impact of Internet development on carbon emissions in China,31.2312707,121.4700152
151,2015,Shanghai,China,Asia,1,UMC,Elsevier,Journal of Network and Computer Applications,Free,Satellite,LEO,No,Yes,All,Not Mentioned,Optimization & AI,Technology,A Weighted Semi-Distributed Routing Algorithm for LEO satellite networks,31.2312707,121.4700152
126,2023,Shenyang,China,Asia,1,UMC,Elsevier,Science of the Total Environment,Paywalled,All,All,No,No,Urban,SDG 13,Empirical,Emissions,Does digital infrastructure cut carbon emissions in Chinese cities?,41.8026095,123.4279105
52,2022,Singapore,Singapore,Asia,1,Global,Elsevier,Energy and AI,Free,Mobile,5G,Not Applicable,Not Applicable,All,Not Mentioned,Optimization & AI,Energy,A review on 5G technology for smart energy management and smart buildings in Singapore,1.357107,103.8194992
9,2021,Stillwater,USA,North America,1,HIC,IEEE,Access,Free,Fixed Wireless,Wi-Fi,No,Yes,Remote,SDG 8,Experiment & Survey,Technology,TV White Space Based Wireless Broadband Internet Connectivity: A Case Study With Implementation Details and Performance Analysis,36.1156306,-97.0585717
25,2018,Stockholm,Sweden,Europe,1,Global,Elsevier,Telecommunication Policy,Paywalled,Mobile,4G,Not Applicable,Yes,All,SDG 8,Statistical,Business & Economy,How important are mobile broadband networks for the global economic development?,59.3251172,18.0710935
39,2022,Stockholm,Sweden,Europe,1,Global,Elsevier,Telecommunication Policy,Free,Mobile,4G,No,Yes,All,SDG 9,Empirical,Business & Economy,The economic impact of mobile broadband speed,59.3251172,18.0710935
166,2023,Stockholm,Sweden,Europe,1,Global,Elsevier,Renewable and Sustainable Energy Reviews,Free,All,All,Yes,No,All,SDG 13,Empirical,Emissions,Assessing embodied carbon emissions of communication user devices by combining approaches,59.3251172,18.0710935
54,2022,Sussex,United Kingdom,Europe,1,HIC,Elsevier,Renewable and Sustainable Energy Reviews,Free,Mobile,5G,Not Applicable,Not Applicable,All,SDG 9,Literature Review,Energy,"The energy use implications of 5G: Reviewing whole network operational energy, embodied energy, and indirect effects",36.9096897,-77.2741121
57,2023,Sussex,United Kingdom,Europe,1,HIC,Elsevier,Technological Forecasting and Social Change,Free,Mobile,5G,Not Applicable,Not Applicable,All,Not Mentioned,Literature Review,Emissions,Koomey's law forevermore? A document analysis of the production and circulation of the promise of ‘green 5G’,36.9096897,-77.2741121
27,2023,Sydney,Australia,Australia,1,HIC,Elsevier,Information Economics and Policy,Free,Wired,Fiber Optic,No,Yes,Urban,Not Mentioned,Experiment & Survey,Business & Economy,Assessing the benefits of high-speed broadband: Lessons from Australia's National Broadband Network (NBN),-33.8698439,151.2082848
45,2023,Tallinn,Estonia,Europe,1,Global,Elsevier,Technology in Society,Paywalled,All,,No,No,All,Not Mentioned,Empirical,General Information,Digitalization and CO2 emissions: Dynamics under R&D and technology innovation regimes,59.4372155,24.7453688
185,2018,Tehran,Iran,Asia,1,UMC,Elsevier,Digital Communications and Networks,Free,All,All,No,No,All,Not Mentioned,Optimization & AI,Technology,Estimating the number of users in TDMA networks based on redundancy of adaptive channel coding,35.6892523,51.3896004
24,2016,Thuwal,Saudi Arabia,Asia,1,HIC,IEEE,Access,Free,Mobile,4G,Not Applicable,Not Applicable,All,SDG 13,Optimization & AI,Emissions,On Green Cognitive Radio Cellular Networks: Dynamic Spectrum and Operation Management,22.2833454,39.1128145
86,2022,Tokyo,Japan,Asia,1,HIC,Springer,Environment Development and Sustainability,Free,All,,Not Applicable,Not Applicable,All,SDG 13,Literature Review,General Information,How ICT can contribute to realize a sustainable society in the future: a CGE approach,35.6768601,139.7638947
38,2023,Torino,Italy,Europe,1,HIC,Elsevier,Telecommunication Policy,Free,Wired,Fiber Optic,No,Yes,Urban,SDG 9,Empirical,Business & Economy,Ultra-broadband investment and economic resilience: Evidence from the Covid-19 pandemic,45.0677551,7.6824892
164,2022,Toronto,Canada,North America,1,HIC,Elsevier,Technology in Society,Paywalled,All,All,No,No,Rural,SDG 10,Empirical,Education,Restricted access: How the internet can be used to promote reading and learning,43.6534817,-79.3839347
0,2022,Trondheim,Norway,Europe,1,,IEEE,Access,Free,All,,Not Applicable,Not Applicable,Not Applicable,All,Literature Review,General Information,A Tertiary Review on Blockchain and Sustainability With Focus on Sustainable Development Goals,63.4304475,10.3952118
56,2024,Turin,Italy,Europe,1,HIC,Elsevier,Encyclopedia of Sustainable Technologies,Paywalled,Mobile,5G,Not Applicable,Not Applicable,All,Not Mentioned,Optimization & AI,Energy,Integration of Renewable Energy Sources into 5G Networks and Beyond,45.0677551,7.6824892
41,2024,Vienna,Austria,Europe,1,Global,Elsevier,Telecommunication Policy,Free,Wired,Fiber Optic,Not Applicable,Not Applicable,All,Not Mentioned,Literature Review,Business & Economy,Socioeconomic benefits of high-speed broadband availability and service adoption: A survey,48.2083537,16.3725042
83,2017,Wah Cantt,Pakistan,Asia,1,LMC,Springer,Telecommunication Systems,Free,Mobile,4G,No,Not Applicable,All,Not Mentioned,Optimization & AI,Energy,A compendium of optimization techniques for green radio resource management,33.73721455,72.798863
147,2022,West Bengal,India,Asia,1,LMC,Elsevier,Computer Networks,Free,All,All,No,No,Urban,Not Mentioned,Empirical,Business & Economy,"Pandemic management, citizens and the Indian Smart cities: Reflections from the right to the smart city and the digital divide",22.9964948,87.6855882
10,2022,Worcester,USA,North America,1,HIC,IEEE,Access,Free,Mobile,4G,No,Yes,Rural,SDG 9,Experiment & Survey,Technology,A Systems Approach for Solving Inter-Policy Gaps in Dynamic Spectrum Access-Based Wireless Rural Broadband Networks,42.2625621,-71.8018877
29,2024,Wuhan,China,Asia,1,UMC,Elsevier,Science of the Total Environment,Paywalled,All,,No,Yes,Urban,SDG 13,Empirical,Emissions,How the digital infrastructure construction affects urban carbon emissions—A quasi-natural experiment from the “Broadband China” policy,30.5951051,114.2999353
32,2024,Wuhan,China,Asia,1,UMC,Elsevier,Structural Change and Economic Dynamics,Paywalled,Wired,Fiber Optic,No,Yes,Urban,SDG 9,Empirical,Business & Economy,Does broadband infrastructure promote urban innovation? Evidence from “Broadband China” demonstration policy,30.5951051,114.2999353
40,2024,Wuhan,China,Asia,1,UMC,Elsevier,Journal of Cleaner Production,Paywalled,All,,No,Yes,All,SDG 13,Empirical,Emissions,The carbon emission reduction effect of digital infrastructure development: Evidence from the broadband China policy,30.5951051,114.2999353
113,2024,Xian,China,Asia,1,UMC,Elsevier,Energy,Paywalled,Mobile,5G,No,No,Urban,SDG 13,Optimization & AI,Emissions,Distribution network restoration supply method considers 5G base station energy storage participation,38.1904931,116.1191021
53,2023,Yancheng,China,Asia,1,UMC,Elsevier,Resources Policy,Paywalled,All,,Not Applicable,Not Applicable,Urban,SDG 13,Empirical,Emissions,Breaking the resource curse: The perspective of improving carbon emission efficiency based on digital infrastructure construction,33.349559,120.1577019
76,2023,Zhengdou,China,Asia,1,UMC,Springer,Energy Efficiency,Free,All,,No,No,Urban,Not Mentioned,Empirical,Emissions,"Inclusivity between internet development and energy conservation in Henan, China",29.1347272,99.5507504
26,2024,Zhuhai,China,Asia,1,UMC,Elsevier,Technological Forecasting and Social Change,Paywalled,Wired,Fiber Optic,No,Yes,Rural,SDG 8,Empirical,Business & Economy,Broadband acceleration and employment: Evidence from China,22.273734,113.5721327
100,2022,Zurich,Switzerland,Europe,1,HIC,Wiley,Health Economics,Paywalled,All,,No,No,All,SDG 3,Empirical,Healthcare,The effect of broadband Internet on the gender gap in mental health: Evidence from Germany,47.3744489,8.5410422